image,class,x,y,w,h
0000000.png,0,0.3671875,0.3203125,0.21875,0.21875
0109539.png,8,0.1484375,0.5546875,0.4375,0.4375
